title,category,description
How to manage stress,stress,"In today’s fast-paced world, stress has become a common part of daily living. Many people experience pressure from work deadlines, family responsibilities, financial concerns, or personal expectations. When stress builds up, it can feel overwhelming and difficult to manage. Learning how to handle stress is essential for staying balanced, protecting your well-being, and maintaining effectiveness even in challenging situations.

Stress is the body’s natural reaction to demands or threats. When faced with difficult circumstances, your brain signals your body to prepare for action, releasing hormones such as cortisol and adrenaline. These chemicals are helpful in short bursts, allowing you to respond quickly. However, prolonged stress can lead to fatigue, anxiety, and even health problems. Some common causes of stress include a heavy workload, relationship difficulties, financial problems, lack of sleep, poor diet, or fear of failure. By identifying what triggers stress in your life, you can begin to manage it more effectively.

One of the simplest and most effective ways to reduce stress is through breathing exercises. Deep breathing helps calm the nervous system by slowing your heart rate and relaxing your muscles. For example, you can sit comfortably, close your eyes, and inhale slowly through your nose for four counts. Then, hold your breath for four counts before exhaling gently through your mouth for six counts. Repeating this process for several minutes helps you feel more grounded and in control of your emotions.

Taking regular breaks throughout the day is another important strategy for managing stress. Working continuously without rest can lead to mental and physical exhaustion. Short pauses allow you to regain energy, improve concentration, and reduce tension. Setting reminders to take a five to ten minute break every hour helps you avoid burnout and stay productive. During breaks, you can stretch, walk, or simply breathe deeply to reset your mind.

Staying organized also plays a vital role in reducing stress. A cluttered environment or chaotic schedule can make tasks seem more overwhelming than they actually are. By creating to-do lists, keeping your workspace clean, and setting realistic goals, you can better manage your responsibilities. A structured environment supports mental clarity and helps you stay calm even when multiple tasks demand your attention.

Lastly, building a support system can greatly help in managing stress. It’s important to share your feelings with friends, family members, or professionals rather than keeping everything inside. Being able to talk openly reduces anxiety and helps you feel less alone. Joining support groups or seeking professional counselling offers guidance and practical solutions for handling stressful situations.

In conclusion, stress is a normal part of life, but it doesn’t have to control you. By recognizing triggers, practicing breathing exercises, taking breaks, staying organized, and building a support system, you can better manage stress and improve your overall well-being. These small, consistent actions can lead to greater balance, resilience, and a healthier mind and body."
Building healthy relationships,relationship,"A healthy relationship forms the foundation for emotional well-being and personal growth. At its core, it is built on trust, where both individuals feel secure in sharing their thoughts, feelings, and vulnerabilities without fear of judgment or rejection. Communication plays a vital role in strengthening this trust. Open, honest, and respectful conversations help clarify expectations, prevent misunderstandings, and resolve conflicts before they escalate. Listening actively and empathetically allows each person to feel heard and supported, which deepens the connection.

Mutual respect is another essential component of a healthy relationship. It means recognizing and appreciating each other’s differences, opinions, and boundaries. When both people respect each other’s personal space and independence, they are able to maintain a sense of individuality while still being connected. Encouraging each other’s goals and dreams fosters personal growth and strengthens the bond, as both individuals feel empowered and valued.

Spending quality time together—whether through shared activities, meaningful conversations, or simply being present—helps nurture the relationship and creates positive memories. However, disagreements and conflicts are inevitable, and how they are handled makes all the difference. Resolving issues calmly, with patience and understanding, promotes harmony and builds resilience in the relationship.

Lastly, supporting one another through challenges, showing kindness, and practicing empathy can transform a relationship into a source of strength. By prioritizing trust, communication, respect, and encouragement, healthy relationships not only thrive but also enrich the lives of those involved, creating a supportive and joyful environment where both individuals can flourish."
Daily meditation benefits,mindfulness,"Daily meditation is a simple yet transformative practice that offers numerous benefits for both the mind and body. Taking a few minutes each day to sit quietly, focus on your breath, or repeat calming thoughts allows you to step away from the busyness and distractions of everyday life. It creates a space where you can become more aware of your thoughts and emotions, helping you respond to situations with greater clarity and patience rather than reacting impulsively.

One of the most significant benefits of daily meditation is stress reduction. When practiced regularly, it helps lower anxiety, ease feelings of overwhelm, and promote a sense of calm. By directing your attention inward, you learn to let go of negative thought patterns and develop a more positive outlook. This can improve your resilience, making it easier to face challenges with composure and confidence.

In addition to calming the mind, meditation enhances concentration and focus. By training your attention to stay on the present moment, you strengthen your ability to stay engaged in tasks without getting distracted. Over time, this can boost productivity, creativity, and decision-making skills.

Daily meditation also encourages self-awareness. It helps you observe your emotions without judgment, giving you a deeper understanding of your needs and how to take better care of yourself. This increased awareness fosters compassion for yourself and others, improving your relationships and communication.

Another benefit is improved physical health. Regular meditation can lower blood pressure, enhance sleep quality, and support overall immune function. Even a few minutes a day can lead to lasting improvements in how you feel and function.

The beauty of daily meditation is its simplicity. It doesn’t require any special equipment or expertise—just consistency and a willingness to care for yourself. Whether you choose to meditate in the morning to set a positive tone for the day or in the evening to unwind, making it a part of your routine can create lasting changes in how you experience life. With patience and practice, meditation becomes a powerful tool for inner peace, mental clarity, and overall well-being."
Time management for students,productivity,"Simple tricks to manage your study time."
Managing finances,finance,"Finance plays an important role in helping you manage your money wisely and achieve your long-term goals. Good financial habits allow you to plan for the future, handle emergencies, and reduce unnecessary stress. By tracking your income and expenses, you gain a clearer understanding of where your money is going and can make informed decisions about saving, investing, and spending.

Saving money regularly, even if it’s a small amount, helps build a safety net for unexpected situations, such as medical emergencies or job loss. It also allows you to work toward bigger goals, like buying a home, traveling, or starting a business. Budgeting helps ensure that you are not overspending and that you prioritize essential needs while setting aside funds for future needs.

Investing is another key aspect of finance. Whether through savings accounts, stocks, mutual funds, or retirement plans, investing helps your money grow over time. Understanding the risks and rewards associated with different options helps you make smarter choices and build wealth gradually.

Debt management is also crucial. Being mindful of loans, credit card use, and repayment schedules prevents debt from becoming overwhelming. Developing a plan to pay off debts systematically helps maintain financial health and keeps you from falling into long-term financial trouble.

Lastly, staying informed about financial trends, planning for taxes, and seeking advice from professionals when needed can empower you to make confident financial decisions. A disciplined approach to finance not only improves your present lifestyle but also ensures a secure and fulfilling future. With careful planning, patience, and consistency, you can create a strong financial foundation that supports both your personal and professional aspirations."
Maintaining good health,health,"Maintaining good health is essential for living a balanced and fulfilling life. It involves caring for both your physical and mental well-being through consistent habits. Eating a nutritious diet rich in fruits, vegetables, whole grains, and lean proteins provides the energy and nutrients your body needs to function properly. Regular physical activity, such as walking, jogging, or yoga, helps strengthen muscles, improve flexibility, and boost the immune system. Equally important is getting enough sleep each night, as it allows the body to recover and repair itself. Managing stress through mindfulness, relaxation techniques, or social support plays a crucial role in preventing anxiety and promoting emotional stability. Staying hydrated, avoiding harmful habits like smoking or excessive alcohol consumption, and scheduling routine medical checkups are additional steps that help prevent illness and ensure long-term health. By adopting these healthy practices, you can enhance your quality of life, improve focus and energy, and build resilience against physical and mental challenges."
Career development,career,"Career development is a lifelong journey that focuses on enhancing your skills, knowledge, and experiences to reach your professional goals and aspirations. It’s not just about finding a job—it’s about growing in your current role, preparing for new opportunities, and building a career that aligns with your interests, strengths, and values. By setting clear and achievable objectives, you create a roadmap that helps you measure your progress and stay motivated.

One of the most important aspects of career development is continuous learning. Whether you are a student, a professional, or someone looking to switch careers, staying updated with industry trends, new technologies, and emerging skills is essential. You can pursue this through formal education, attending workshops, or completing online courses on platforms like Coursera or Udemy. For example, learning a new programming language, improving data analysis skills, or gaining certifications in project management can make you more competitive in the job market.

Building a strong professional network is another crucial step. Connecting with peers, mentors, industry experts, and organizations helps you gain insights, advice, and new opportunities. Participating in networking events, joining professional associations, or engaging in online communities like LinkedIn can expand your reach and open doors you may not have considered before. Mentorship is especially valuable because experienced professionals can guide you through challenges, help you refine your goals, and provide encouragement.

Career development also requires self-assessment and reflection. Taking the time to identify your strengths, weaknesses, passions, and areas for growth allows you to make informed decisions. Regularly reviewing your achievements and receiving constructive feedback helps you understand where you excel and what skills you need to improve. For instance, if you find that communication is a challenge in team settings, you can seek opportunities to lead meetings or participate in public speaking workshops.

Soft skills such as time management, problem-solving, teamwork, and adaptability are equally important as technical expertise. These skills enhance your ability to collaborate, stay organized, and respond effectively to workplace challenges. Employers value professionals who can not only perform tasks but also work well with others and handle stress.

Lastly, career development is closely tied to personal well-being. Taking care of your mental and physical health ensures you have the energy, focus, and resilience to pursue your professional goals. Balancing work with relaxation, maintaining healthy relationships, and prioritizing self-care help prevent burnout and keep you motivated over the long term.

In summary, career development is about more than just landing a job—it’s about building a meaningful, rewarding professional life. By engaging in lifelong learning, expanding your network, reflecting on your growth, and nurturing both hard and soft skills, you set yourself up for success, satisfaction, and personal fulfillment."
